{"initial_reset_timestamp": 1610946888.0770295, "timestamps": [1610946891.0018594, 1610946893.9032173, 1610946896.692757, 1610946899.5469248, 1610946902.3635159, 1610946905.2981076, 1610946908.2689946, 1610946911.1048524, 1610946914.0048482, 1610946916.8269632, 1610946919.7233574, 1610946922.5825589, 1610946925.350478, 1610946928.2365491, 1610946931.0202978, 1610946933.8763168, 1610946936.9735858, 1610946939.8494053, 1610946942.695405, 1610946945.452021, 1610946948.2417798, 1610946951.0373402, 1610946953.9362855, 1610946956.7561457, 1610946959.6583862, 1610946962.453553, 1610946965.3121212, 1610946968.1912918, 1610946971.0199616, 1610946973.8557909, 1610946976.6080277, 1610946979.5012789, 1610946982.313238, 1610946985.1401403, 1610946987.997926, 1610946990.8213654, 1610946993.704824, 1610946996.5141387, 1610946999.3471322, 1610947002.0958202, 1610947004.9715304, 1610947007.7951927, 1610947010.6614625, 1610947013.5384376, 1610947016.2702549, 1610947019.1469738, 1610947021.9866035, 1610947024.8645754, 1610947027.6957514, 1610947030.56586, 1610947033.4350364, 1610947036.263764, 1610947039.1234212, 1610947041.8763194, 1610947044.7513046, 1610947047.5500567, 1610947050.3925445, 1610947053.193842, 1610947056.0592687, 1610947058.894854, 1610947061.705421, 1610947064.5403798, 1610947067.3314934, 1610947070.192595, 1610947073.0023031, 1610947075.8992326, 1610947078.7317114, 1610947081.6148102, 1610947084.4636595, 1610947087.2832193, 1610947090.1728942, 1610947092.998763, 1610947095.8450067, 1610947098.602218, 1610947101.4735367, 1610947104.3234613, 1610947107.117686, 1610947109.9790723, 1610947112.7609468, 1610947115.6271229, 1610947118.4401026, 1610947121.2939253, 1610947124.150421, 1610947127.0495524, 1610947129.9758172, 1610947132.7588193, 1610947135.582008, 1610947138.348852, 1610947141.2149913, 1610947144.0131164, 1610947146.8670604, 1610947149.7146666, 1610947152.5122766, 1610947155.356566, 1610947158.1698167, 1610947161.0297651, 1610947163.8325837, 1610947166.6821039, 1610947169.505647, 1610947172.3452597], "episode_lengths": [200, 200, 200, 200, 200, 200, 200, 200, 200, 200, 200, 200, 200, 200, 200, 200, 200, 200, 200, 200, 200, 200, 200, 200, 200, 200, 200, 200, 200, 200, 200, 200, 200, 200, 200, 200, 200, 200, 200, 200, 200, 200, 200, 200, 200, 200, 200, 200, 200, 200, 200, 200, 200, 200, 200, 200, 200, 200, 200, 200, 200, 200, 200, 200, 200, 200, 200, 200, 200, 200, 200, 200, 200, 200, 200, 200, 200, 200, 200, 200, 200, 200, 200, 200, 200, 200, 200, 200, 200, 200, 200, 200, 200, 200, 200, 200, 200, 200, 200, 200], "episode_rewards": [-1081.3591070615494, -1781.61446568394, -1149.6312795986148, -1903.4628783546557, -1589.6084315520588, -1296.665416943061, -1622.9381052697743, -1683.066317543904, -1641.9370281168954, -1571.9594335540392, -1543.8243546925225, -1583.9505874104968, -1718.4110265195254, -1523.6501290859337, -1640.3906746380817, -1554.8647077671396, -1618.5737056590049, -1418.9780343053292, -1484.8196484048817, -1550.0720961062377, -1477.8014077203995, -1397.4102012874544, -1469.9044119027951, -1469.5398057640773, -1389.935757692931, -1256.8496538132194, -1387.9582261916996, -1537.4238996654901, -1560.3328394738178, -1545.9037153664756, -1505.2561969266533, -1494.2787596886737, -1372.9004838131896, -1470.3906977752306, -1333.4922277026062, -1560.525775793154, -1316.076534638754, -1284.5225820791284, -1328.8432004096517, -1529.566289626283, -1041.658754929017, -1556.9357271482515, -939.799194924688, -1040.469053709795, -1005.08393366836, -1091.0939532515752, -1077.9606447214728, -1050.9689561204573, -1269.5385763225422, -803.6904429155304, -1557.1542716967874, -1381.9916308034844, -1490.4453347788944, -777.3469810963783, -1078.4781326564419, -938.7772120827232, -1166.3509002656804, -810.8347619257195, -711.5927457471588, -802.3582990485938, -786.2504293049291, -1014.3914008794341, -985.6187267042833, -430.8683858970322, -415.88046570648333, -585.8929505984701, -817.4233030596114, -673.9343024351037, -652.2848165265361, -788.2746100392287, -836.6084572550732, -266.93269904116164, -339.97831527901195, -647.7322524315915, -519.8366134627738, -690.021660370494, -390.435904049695, -475.8919438788856, -813.2426101491535, -527.9805645505146, -797.1126200953298, -644.4304547485128, -393.07817495940964, -777.8904403894063, -523.3596906661871, -388.44768250029495, -641.6080140323157, -265.6363936596058, -288.2809783800401, -388.03586260522496, -260.1557699819951, -125.78256342885426, -471.7266512810955, -889.9471740216675, -385.9402607887776, -646.1177732514327, -252.31909827723467, -519.0679353915895, -637.6819311150362, -507.1972849308112], "episode_types": ["t", "t", "t", "t", "t", "t", "t", "t", "t", "t", "t", "t", "t", "t", "t", "t", "t", "t", "t", "t", "t", "t", "t", "t", "t", "t", "t", "t", "t", "t", "t", "t", "t", "t", "t", "t", "t", "t", "t", "t", "t", "t", "t", "t", "t", "t", "t", "t", "t", "t", "t", "t", "t", "t", "t", "t", "t", "t", "t", "t", "t", "t", "t", "t", "t", "t", "t", "t", "t", "t", "t", "t", "t", "t", "t", "t", "t", "t", "t", "t", "t", "t", "t", "t", "t", "t", "t", "t", "t", "t", "t", "t", "t", "t", "t", "t", "t", "t", "t", "t"]}